{"stats":{"minecraft:picked_up":{"minecraft:sand":2,"minecraft:oak_log":3,"minecraft:birch_sapling":1},"minecraft:custom":{"minecraft:time_since_rest":8489,"minecraft:crouch_one_cm":1295,"minecraft:sprint_one_cm":18655,"minecraft:play_time":8489,"minecraft:damage_taken":90,"minecraft:walk_one_cm":19152,"minecraft:sneak_time":224,"minecraft:walk_under_water_one_cm":52,"minecraft:drop":1,"minecraft:jump":160,"minecraft:walk_on_water_one_cm":407,"minecraft:leave_game":4,"minecraft:time_since_death":8489,"minecraft:total_world_time":8489,"minecraft:swim_one_cm":5502,"minecraft:interact_with_crafting_table":1,"minecraft:fall_one_cm":4000,"minecraft:fly_one_cm":33852},"minecraft:dropped":{"minecraft:birch_sapling":1},"minecraft:crafted":{"minecraft:oak_planks":12,"minecraft:crafting_table":1,"minecraft:stick":4},"minecraft:mined":{"minecraft:grass_block":1,"minecraft:oak_log":3,"minecraft:sand":2,"minecraft:birch_leaves":1,"minecraft:oak_leaves":4},"minecraft:used":{"minecraft:sand":2,"minecraft:crafting_table":1}},"DataVersion":3955}