{"stats":{"minecraft:picked_up":{"minecraft:raw_iron":9,"minecraft:crafting_table":2,"mobz:rotten_flesh":1,"minecraft:sand":2,"minecraft:oak_log":16,"minecraft:dirt":4,"minecraft:rotten_flesh":2,"minecraft:iron_ingot":1,"minecraft:beef":4,"minecraft:oak_sapling":1,"minecraft:birch_sapling":1,"minecraft:coal":1,"minecraft:cobblestone":13,"minecraft:furnace":1},"minecraft:custom":{"minecraft:time_since_rest":5307,"minecraft:interact_with_furnace":6,"minecraft:sprint_one_cm":42794,"minecraft:damage_taken":771,"minecraft:walk_one_cm":38122,"minecraft:damage_blocked_by_shield":1260,"incapacitated:times_incapped":1,"minecraft:mob_kills":5,"minecraft:drop":3,"minecraft:damage_dealt":1158,"minecraft:interact_with_crafting_table":9,"minecraft:swim_one_cm":5502,"minecraft:fly_one_cm":68099,"minecraft:crouch_one_cm":2734,"minecraft:play_time":20489,"minecraft:deaths":1,"minecraft:sneak_time":612,"minecraft:walk_under_water_one_cm":52,"incapacitated:times_revived":1,"minecraft:jump":347,"minecraft:leave_game":4,"minecraft:time_since_death":5250,"minecraft:walk_on_water_one_cm":407,"minecraft:total_world_time":20489,"minecraft:fall_one_cm":7898},"minecraft:dropped":{"minecraft:dirt":1,"minecraft:oak_sapling":1,"minecraft:birch_sapling":1},"minecraft:killed_by":{"mobz:tank_zombie":1},"minecraft:crafted":{"minecraft:cooked_beef":4,"minecraft:oak_planks":64,"minecraft:shield":1,"minecraft:crafting_table":2,"minecraft:stick":12,"minecraft:iron_ingot":3,"minecraft:wooden_pickaxe":2,"minecraft:stone_pickaxe":1,"minecraft:wooden_axe":2,"minecraft:furnace":1,"minecraft:air":0},"minecraft:mined":{"minecraft:furnace":1,"minecraft:iron_ore":6,"minecraft:birch_leaves":1,"minecraft:crafting_table":2,"minecraft:short_grass":3,"minecraft:coal_ore":1,"minecraft:grass_block":3,"minecraft:oak_log":16,"minecraft:sand":2,"minecraft:stone":13,"minecraft:oak_leaves":6},"minecraft:killed":{"minecraft:zombie":2,"mobz:tank_zombie":1,"minecraft:cow":2},"minecraft:used":{"minecraft:wooden_axe":29,"minecraft:stone_pickaxe":13,"minecraft:shield":11,"minecraft:wooden_pickaxe":9,"mobz:rotten_flesh":1,"minecraft:sand":2,"minecraft:dirt":1,"minecraft:crafting_table":3,"minecraft:furnace":1,"minecraft:cooked_beef":2}},"DataVersion":3955}