{"stats":{"minecraft:picked_up":{"minecraft:birch_log":3,"minecraft:stick":1,"minecraft:oak_log":6,"minecraft:oak_sapling":2},"minecraft:custom":{"minecraft:time_since_rest":6090,"minecraft:crouch_one_cm":35,"minecraft:play_time":6090,"minecraft:sprint_one_cm":6518,"minecraft:damage_taken":361,"minecraft:walk_one_cm":10184,"minecraft:sneak_time":207,"incapacitated:times_incapped":1,"minecraft:walk_under_water_one_cm":34016,"minecraft:jump":47,"minecraft:damage_dealt":61,"minecraft:walk_on_water_one_cm":1829,"minecraft:time_since_death":6090,"minecraft:total_world_time":6090,"minecraft:swim_one_cm":8995,"minecraft:fall_one_cm":1647,"minecraft:fly_one_cm":9076},"minecraft:crafted":{"minecraft:oak_planks":8},"minecraft:mined":{"minecraft:oak_log":4,"minecraft:birch_log":3,"minecraft:birch_leaves":5,"minecraft:oak_leaves":6},"minecraft:used":{"minecraft:birch_log":2}},"DataVersion":3955}